<?xml version='1.0'?>
<schema>
	<tables>
		<table>
			<name>vtiger_schedular</name>
			<sql><![CDATA[CREATE TABLE `vtiger_schedular` (
					`schedularid` int(11) NOT NULL,
					`schedular_no` varchar(56) default NULL,
					`schedular_name` varchar(255) default NULL,
					`schedular_startdate` DATE NOT NULL,
					`schedular_enddate` DATE NOT NULL,
					`schedular_starttime` VARCHAR(8) NOT NULL,
					`schedular_endtime` VARCHAR(8) NOT NULL,
					`schedular_eventtype` VARCHAR(255) NOT NULL,
					PRIMARY KEY (`schedularid`)
					) ENGINE=InnoDB DEFAULT CHARSET=utf8]]></sql>
		</table>
		<table>
			<name>vtiger_schedularcf</name>
			<sql><![CDATA[CREATE TABLE `vtiger_schedularcf` (
						`schedularid` int(11) NOT NULL,
						PRIMARY KEY (`schedularid`)
						) ENGINE=InnoDB DEFAULT CHARSET=utf8]]></sql>
		</table>
		<table>
			<name>vtiger_schedularsettings</name>
			<sql><![CDATA[CREATE TABLE `vtiger_schedularsettings` (
						`schedular_settingsid` int(11) NOT NULL,
						`schedular_available_users` VARCHAR(255) NOT NULL,
						`business_hours_start` VARCHAR(56) DEFAULT NULL, 
						`business_hours_end` VARCHAR(56) DEFAULT NULL, 
						PRIMARY KEY (`schedular_settingsid`)
						) ENGINE=InnoDB DEFAULT CHARSET=utf8]]></sql>
		</table>
		<table>
			<name>vtiger_schedular_eventcolors</name>
			<sql><![CDATA[CREATE TABLE `vtiger_schedular_eventcolors` (
						`eventtype_id` int(11) NOT NULL,
						`eventtype_bgcolor` VARCHAR(255) DEFAULT '#000000',
						`eventtype_textcolor` VARCHAR(255) DEFAULT '#ffffff',
						PRIMARY KEY (`eventtype_id`)
						) ENGINE=InnoDB DEFAULT CHARSET=utf8]]></sql>
		</table>
		<table>
			<name>vtiger_schedular_relations</name>
			<sql><![CDATA[CREATE TABLE `vtiger_schedular_relations` (
						`schedular_relid` int(11) NOT NULL AUTO_INCREMENT,
						`schedular_relmodule_name` VARCHAR(255) NOT NULL,
						`schedular_relmodule_filterfields` VARCHAR(255) NOT NULL,
						`schedular_relmodule_retfields` VARCHAR(255) NOT NULL,
						`schedular_filterrel_id` VARCHAR(255) NOT NULL,
						`schedular_filterrel_field` VARCHAR(255) NOT NULL,
						PRIMARY KEY (`schedular_relid`)
						) ENGINE=InnoDB DEFAULT CHARSET=utf8]]></sql>
		</table>
	</tables>
</schema>
